gaspar,2026-02-01T00:03:11.589525-06:00,36.00,20.19,33.25
gaspar,2026-02-01T00:08:14.629539-06:00,36.00,20.25,33.25
gaspar,2026-02-01T00:13:17.669564-06:00,36.06,20.06,33.25
gaspar,2026-02-01T00:18:20.949568-06:00,36.06,20.19,33.25
gaspar,2026-02-01T00:23:24.069514-06:00,36.12,20.00,33.25
gaspar,2026-02-01T00:28:27.269523-06:00,36.12,20.06,33.25
gaspar,2026-02-01T00:33:30.309513-06:00,36.19,20.00,33.31
gaspar,2026-02-01T00:38:33.509524-06:00,36.19,19.81,33.31
gaspar,2026-02-01T00:43:36.629545-06:00,36.25,19.69,33.31
gaspar,2026-02-01T00:48:39.669528-06:00,36.25,19.94,33.31
gaspar,2026-02-01T00:53:42.789538-06:00,36.31,19.75,33.31
gaspar,2026-02-01T00:58:46.069544-06:00,36.31,19.81,33.31
gaspar,2026-02-01T01:03:49.189540-06:00,36.31,19.69,33.38
gaspar,2026-02-01T01:08:52.309539-06:00,36.38,19.75,33.31
gaspar,2026-02-01T01:13:55.589526-06:00,36.38,19.62,33.31
gaspar,2026-02-01T01:18:58.709543-06:00,36.38,19.75,33.38
gaspar,2026-02-01T01:24:01.829536-06:00,36.44,19.62,33.38
gaspar,2026-02-01T01:29:04.869550-06:00,36.44,19.56,33.38
gaspar,2026-02-01T01:34:07.909600-06:00,36.44,19.44,33.38
gaspar,2026-02-01T01:39:10.949566-06:00,36.50,19.31,33.44
gaspar,2026-02-01T01:44:13.989545-06:00,36.50,19.38,33.44
gaspar,2026-02-01T01:49:17.029550-06:00,36.50,19.12,33.38
gaspar,2026-02-01T01:54:20.069533-06:00,36.50,18.88,33.44
gaspar,2026-02-01T01:59:23.109544-06:00,36.56,18.88,33.44
gaspar,2026-02-01T02:04:26.149511-06:00,36.56,18.88,33.44
gaspar,2026-02-01T02:09:29.189520-06:00,36.56,18.69,33.50
gaspar,2026-02-01T02:14:32.229538-06:00,36.56,18.56,33.44
gaspar,2026-02-01T02:19:35.269541-06:00,36.56,18.62,33.50
gaspar,2026-02-01T02:24:38.309590-06:00,36.62,18.62,33.50
gaspar,2026-02-01T02:29:41.349516-06:00,36.62,18.56,33.50
gaspar,2026-02-01T02:34:44.469533-06:00,36.62,18.44,33.50
gaspar,2026-02-01T02:39:47.589528-06:00,36.62,18.19,33.50
gaspar,2026-02-01T02:44:50.629533-06:00,36.69,18.19,33.50
gaspar,2026-02-01T02:49:53.669542-06:00,36.62,18.00,33.56
gaspar,2026-02-01T02:54:56.789521-06:00,36.69,18.06,33.56
gaspar,2026-02-01T02:59:59.989549-06:00,36.69,18.12,33.56
gaspar,2026-02-01T03:05:03.029518-06:00,36.69,18.06,33.56
gaspar,2026-02-01T03:10:06.069521-06:00,36.69,18.06,33.50
gaspar,2026-02-01T03:15:09.189531-06:00,36.75,17.88,33.56
gaspar,2026-02-01T03:20:12.229297-06:00,36.75,18.00,33.56
gaspar,2026-02-01T03:25:15.349480-06:00,36.75,18.06,33.56
gaspar,2026-02-01T03:30:18.389480-06:00,36.75,18.06,33.62
gaspar,2026-02-01T03:35:21.429529-06:00,36.75,18.06,33.56
gaspar,2026-02-01T03:40:24.629571-06:00,36.75,17.94,33.62
gaspar,2026-02-01T03:45:27.669540-06:00,36.75,17.81,33.62
gaspar,2026-02-01T03:50:30.789538-06:00,36.81,17.75,33.62
gaspar,2026-02-01T03:55:33.829502-06:00,36.81,17.75,33.62
gaspar,2026-02-01T04:00:36.949533-06:00,36.81,17.88,33.62
gaspar,2026-02-01T04:05:39.989528-06:00,36.88,17.94,33.62
gaspar,2026-02-01T04:10:43.029556-06:00,36.88,17.62,33.62
gaspar,2026-02-01T04:15:46.149525-06:00,36.81,17.75,33.62
gaspar,2026-02-01T04:20:49.349489-06:00,36.88,17.56,33.62
gaspar,2026-02-01T04:25:52.389483-06:00,36.88,17.75,33.62
gaspar,2026-02-01T04:30:55.509550-06:00,36.88,17.62,33.62
gaspar,2026-02-01T04:35:58.549558-06:00,36.88,17.62,33.69
gaspar,2026-02-01T04:41:01.589526-06:00,36.94,17.31,33.69
gaspar,2026-02-01T04:46:04.629560-06:00,36.94,17.44,33.62
gaspar,2026-02-01T04:51:07.749551-06:00,36.94,17.50,33.69
gaspar,2026-02-01T04:56:10.789536-06:00,36.94,17.50,33.69
gaspar,2026-02-01T05:01:13.829591-06:00,36.94,17.56,33.69
gaspar,2026-02-01T05:06:16.949549-06:00,36.94,17.50,33.69
gaspar,2026-02-01T05:11:19.989549-06:00,36.94,17.62,33.69
gaspar,2026-02-01T05:16:23.029612-06:00,36.94,17.56,33.75
gaspar,2026-02-01T05:21:26.069555-06:00,37.00,17.50,33.69
gaspar,2026-02-01T05:26:29.109576-06:00,37.00,17.50,33.69
gaspar,2026-02-01T05:31:32.149547-06:00,37.00,17.62,33.69
gaspar,2026-02-01T05:36:35.189554-06:00,37.00,17.69,33.75
gaspar,2026-02-01T05:41:38.229559-06:00,37.00,17.56,33.75
gaspar,2026-02-01T05:46:41.269528-06:00,37.00,17.50,33.75
gaspar,2026-02-01T05:51:44.309582-06:00,37.00,17.50,33.75
gaspar,2026-02-01T05:56:47.349482-06:00,37.06,17.50,33.75
gaspar,2026-02-01T06:01:50.469522-06:00,37.06,17.44,33.75
gaspar,2026-02-01T06:06:53.509551-06:00,37.06,17.38,33.75
gaspar,2026-02-01T06:11:56.629561-06:00,37.06,17.50,33.75
gaspar,2026-02-01T06:16:59.749543-06:00,37.06,17.44,33.75
gaspar,2026-02-01T06:22:02.949587-06:00,37.06,17.50,33.81
gaspar,2026-02-01T06:27:05.989575-06:00,37.06,17.62,33.81
gaspar,2026-02-01T06:32:09.029543-06:00,37.12,17.62,33.81
gaspar,2026-02-01T06:37:12.069540-06:00,37.12,17.62,33.81
gaspar,2026-02-01T06:42:15.269533-06:00,37.12,17.69,33.81
gaspar,2026-02-01T06:47:18.309548-06:00,37.12,17.44,33.81
gaspar,2026-02-01T06:52:21.429490-06:00,37.12,17.56,33.81
gaspar,2026-02-01T06:57:24.469548-06:00,37.12,17.69,33.88
gaspar,2026-02-01T07:02:27.589534-06:00,37.12,17.69,33.88
gaspar,2026-02-01T07:07:30.629589-06:00,37.19,17.75,33.88
gaspar,2026-02-01T07:12:33.749552-06:00,37.12,17.69,33.88
gaspar,2026-02-01T07:17:36.869550-06:00,37.12,17.69,33.88
gaspar,2026-02-01T07:22:39.909546-06:00,37.19,17.69,33.88
gaspar,2026-02-01T07:27:43.189524-06:00,37.19,18.12,33.88
gaspar,2026-02-01T07:32:46.309543-06:00,37.19,18.44,33.94
gaspar,2026-02-01T07:37:49.349479-06:00,37.25,18.88,33.94
gaspar,2026-02-01T07:42:52.389477-06:00,37.31,19.00,34.00
gaspar,2026-02-01T07:47:55.509537-06:00,37.38,19.25,34.06
gaspar,2026-02-01T07:52:58.549612-06:00,37.38,18.88,34.12
gaspar,2026-02-01T07:58:01.589559-06:00,37.44,18.94,34.12
gaspar,2026-02-01T08:03:04.629549-06:00,37.50,19.19,34.19
gaspar,2026-02-01T08:08:07.749552-06:00,37.56,18.94,34.25
gaspar,2026-02-01T08:13:10.789588-06:00,37.56,19.38,34.31
gaspar,2026-02-01T08:18:13.989543-06:00,37.56,19.56,34.31
gaspar,2026-02-01T08:23:17.349510-06:00,37.62,19.62,34.38
gaspar,2026-02-01T08:28:20.389463-06:00,37.62,19.88,34.38
gaspar,2026-02-01T08:33:23.509710-06:00,37.69,19.88,34.44
gaspar,2026-02-01T08:38:26.549561-06:00,37.69,20.00,34.50
gaspar,2026-02-01T08:43:29.589541-06:00,37.69,20.06,34.56
gaspar,2026-02-01T08:48:32.709538-06:00,37.69,20.38,34.56
gaspar,2026-02-01T08:53:35.749540-06:00,37.75,20.44,34.62
gaspar,2026-02-01T08:58:38.789563-06:00,37.75,20.69,34.69
gaspar,2026-02-01T09:03:41.829546-06:00,37.75,20.94,34.69
gaspar,2026-02-01T09:08:44.869538-06:00,37.81,21.06,34.75
gaspar,2026-02-01T09:13:47.909617-06:00,37.81,21.06,34.81
gaspar,2026-02-01T09:18:50.949593-06:00,37.88,21.12,34.88
gaspar,2026-02-01T09:23:54.069538-06:00,37.88,21.25,34.94
gaspar,2026-02-01T09:28:57.109548-06:00,37.94,21.56,35.00
gaspar,2026-02-01T09:34:00.149540-06:00,37.94,21.75,35.00
gaspar,2026-02-01T09:39:03.269530-06:00,37.94,22.00,35.06
gaspar,2026-02-01T09:44:06.309539-06:00,38.00,22.12,35.12
gaspar,2026-02-01T09:49:09.509552-06:00,38.00,22.25,35.25
gaspar,2026-02-01T09:54:12.549598-06:00,38.00,22.50,35.31
gaspar,2026-02-01T09:59:15.749549-06:00,38.06,22.44,35.38
gaspar,2026-02-01T10:04:18.869536-06:00,38.06,22.62,35.38
gaspar,2026-02-01T10:09:21.909546-06:00,38.06,22.75,35.50
gaspar,2026-02-01T10:14:25.109513-06:00,38.06,22.94,35.56
gaspar,2026-02-01T10:19:28.149575-06:00,38.12,23.25,35.62
gaspar,2026-02-01T10:24:31.189532-06:00,38.12,23.12,35.69
gaspar,2026-02-01T10:29:34.229610-06:00,38.12,23.38,35.75
gaspar,2026-02-01T10:34:37.269538-06:00,38.19,23.81,35.81
gaspar,2026-02-01T10:39:40.389485-06:00,38.19,24.00,35.88
gaspar,2026-02-01T10:44:43.429497-06:00,38.25,23.81,36.00
gaspar,2026-02-01T10:49:46.549597-06:00,38.25,24.38,36.06
gaspar,2026-02-01T10:54:49.669546-06:00,38.25,24.19,36.12
gaspar,2026-02-01T10:59:52.869519-06:00,38.31,24.44,36.19
gaspar,2026-02-01T11:04:55.989554-06:00,38.38,24.69,36.25
gaspar,2026-02-01T11:09:59.029572-06:00,38.38,25.00,36.38
gaspar,2026-02-01T11:15:02.149523-06:00,38.44,24.81,36.44
gaspar,2026-02-01T11:20:05.269520-06:00,38.50,24.75,36.56
gaspar,2026-02-01T11:25:08.309552-06:00,38.50,25.00,36.62
gaspar,2026-02-01T11:30:11.429638-06:00,38.56,25.00,36.69
gaspar,2026-02-01T11:35:14.469548-06:00,38.56,25.12,36.75
gaspar,2026-02-01T11:40:17.669520-06:00,38.62,25.19,36.88
gaspar,2026-02-01T11:45:20.709518-06:00,38.62,25.12,36.94
gaspar,2026-02-01T11:50:23.829515-06:00,38.69,25.12,37.06
gaspar,2026-02-01T11:55:26.869545-06:00,38.69,25.06,37.12
gaspar,2026-02-01T12:00:29.909531-06:00,38.69,25.38,37.19
gaspar,2026-02-01T12:05:32.949539-06:00,38.69,25.50,37.31
gaspar,2026-02-01T12:10:36.069606-06:00,38.69,25.44,37.38
gaspar,2026-02-01T12:15:39.269520-06:00,38.75,25.25,37.44
gaspar,2026-02-01T12:20:42.309602-06:00,38.75,25.31,37.50
gaspar,2026-02-01T12:25:45.349482-06:00,38.75,25.31,37.62
gaspar,2026-02-01T12:30:48.389448-06:00,38.81,25.50,37.69
gaspar,2026-02-01T12:35:51.509541-06:00,38.81,25.81,37.75
gaspar,2026-02-01T12:40:54.629542-06:00,38.81,25.88,37.88
gaspar,2026-02-01T12:45:57.669521-06:00,38.88,26.12,37.94
gaspar,2026-02-01T12:51:00.789530-06:00,38.88,25.75,38.00
gaspar,2026-02-01T12:56:03.829540-06:00,38.88,25.69,38.06
gaspar,2026-02-01T13:01:06.869531-06:00,38.94,25.38,38.19
gaspar,2026-02-01T13:06:09.909522-06:00,38.94,25.69,38.25
gaspar,2026-02-01T13:11:12.949558-06:00,38.94,25.75,38.31
gaspar,2026-02-01T13:16:16.229569-06:00,39.00,25.69,38.38
gaspar,2026-02-01T13:21:19.269536-06:00,39.00,25.75,38.50
gaspar,2026-02-01T13:26:22.389473-06:00,39.06,26.00,38.56
gaspar,2026-02-01T13:31:25.509526-06:00,39.06,26.06,38.62
gaspar,2026-02-01T13:36:28.549520-06:00,39.12,26.06,38.69
gaspar,2026-02-01T13:41:31.589548-06:00,39.12,25.94,38.81
gaspar,2026-02-01T13:46:34.709532-06:00,39.12,25.81,38.88
gaspar,2026-02-01T13:51:37.749547-06:00,39.19,26.06,38.94
gaspar,2026-02-01T13:56:40.869554-06:00,39.25,25.81,39.00
gaspar,2026-02-01T14:01:43.909542-06:00,39.25,25.62,39.06
gaspar,2026-02-01T14:06:46.949537-06:00,39.31,25.81,39.12
gaspar,2026-02-01T14:11:49.989537-06:00,39.31,25.88,39.25
gaspar,2026-02-01T14:16:53.189551-06:00,39.38,25.19,39.31
gaspar,2026-02-01T14:21:56.229555-06:00,39.38,25.31,39.38
gaspar,2026-02-01T14:26:59.269520-06:00,39.44,24.88,39.44
gaspar,2026-02-01T14:32:02.389492-06:00,39.44,25.00,39.50
gaspar,2026-02-01T14:37:05.509525-06:00,39.50,24.81,39.56
gaspar,2026-02-01T14:42:08.549538-06:00,39.56,25.12,39.62
gaspar,2026-02-01T14:47:11.669582-06:00,39.56,24.94,39.69
gaspar,2026-02-01T14:52:14.709551-06:00,39.62,24.75,39.75
gaspar,2026-02-01T14:57:17.860269-06:00,39.62,24.62,39.81
gaspar,2026-02-01T15:02:20.949597-06:00,39.69,24.56,39.88
gaspar,2026-02-01T15:07:23.989562-06:00,39.75,24.62,39.94
gaspar,2026-02-01T15:12:27.189536-06:00,39.75,24.62,40.00
gaspar,2026-02-01T15:17:30.389497-06:00,39.81,24.44,40.06
gaspar,2026-02-01T15:22:33.509537-06:00,39.88,24.56,40.12
gaspar,2026-02-01T15:27:36.629556-06:00,39.88,24.00,40.12
gaspar,2026-02-01T15:32:39.749561-06:00,39.94,24.12,40.19
gaspar,2026-02-01T15:37:42.869538-06:00,40.00,24.19,40.25
gaspar,2026-02-01T15:42:45.990133-06:00,40.06,24.19,40.31
gaspar,2026-02-01T15:47:49.189561-06:00,33.94,24.44,35.81
gaspar,2026-02-01T15:52:52.229541-06:00,38.12,23.94,37.38
gaspar,2026-02-01T15:57:55.429504-06:00,38.00,23.94,33.75
gaspar,2026-02-01T16:02:58.549536-06:00,38.38,23.81,33.94
gaspar,2026-02-01T16:08:01.589567-06:00,38.56,23.94,33.88
gaspar,2026-02-01T16:13:04.709527-06:00,38.69,23.94,33.81
gaspar,2026-02-01T16:18:07.749530-06:00,38.69,23.75,33.75
gaspar,2026-02-01T16:23:10.789556-06:00,38.75,23.50,33.75
gaspar,2026-02-01T16:27:48.003269-06:00,38.75,23.44,33.69
gaspar,2026-02-01T16:32:50.243232-06:00,38.69,23.38,33.62
gaspar,2026-02-01T16:37:52.403817-06:00,38.75,23.31,33.62
gaspar,2026-02-01T16:42:54.563229-06:00,38.75,23.25,33.56
gaspar,2026-02-01T16:47:56.803194-06:00,38.69,23.06,33.56
gaspar,2026-02-01T16:52:59.043223-06:00,38.69,22.94,33.50
gaspar,2026-02-01T16:58:01.203208-06:00,38.69,22.94,33.50
gaspar,2026-02-01T17:03:03.763180-06:00,38.69,22.56,33.56
gaspar,2026-02-01T17:08:06.083221-06:00,38.69,22.38,33.50
gaspar,2026-02-01T17:13:08.403232-06:00,38.69,22.25,33.50
gaspar,2026-02-01T17:18:10.883229-06:00,38.69,22.19,33.44
gaspar,2026-02-01T17:23:14.003249-06:00,38.75,21.44,33.44
gaspar,2026-02-01T17:28:17.203218-06:00,38.75,21.06,33.44
gaspar,2026-02-01T17:33:20.243198-06:00,38.75,20.75,33.38
gaspar,2026-02-01T17:38:23.283206-06:00,38.81,20.38,33.38
gaspar,2026-02-01T17:43:26.483213-06:00,38.81,20.31,33.38
gaspar,2026-02-01T17:48:29.523219-06:00,38.88,20.12,33.38
gaspar,2026-02-01T17:53:32.563234-06:00,38.94,19.75,33.31
gaspar,2026-02-01T17:58:35.683197-06:00,39.00,19.62,33.31
gaspar,2026-02-01T18:03:38.803177-06:00,39.06,19.50,33.25
gaspar,2026-02-01T18:08:42.003225-06:00,39.19,19.12,33.25
gaspar,2026-02-01T18:13:45.043265-06:00,39.25,19.12,33.19
gaspar,2026-02-01T18:18:48.243211-06:00,39.31,19.00,33.19
gaspar,2026-02-01T18:23:51.363199-06:00,39.44,18.81,33.19
gaspar,2026-02-01T18:28:54.483228-06:00,39.44,18.69,33.12
gaspar,2026-02-01T18:33:57.603192-06:00,39.56,18.56,33.12
gaspar,2026-02-01T18:39:00.723166-06:00,39.62,18.56,33.12
gaspar,2026-02-01T18:44:03.763177-06:00,39.75,18.50,33.12
gaspar,2026-02-01T18:49:06.803221-06:00,39.75,18.38,33.06
gaspar,2026-02-01T18:54:09.923251-06:00,39.88,18.19,33.12
gaspar,2026-02-01T18:59:13.043243-06:00,39.94,18.19,33.06
gaspar,2026-02-01T19:04:16.163214-06:00,40.06,18.12,33.06
gaspar,2026-02-01T19:09:19.203235-06:00,40.12,18.12,33.06
gaspar,2026-02-01T19:14:22.323274-06:00,40.19,17.88,33.06
gaspar,2026-02-01T19:19:25.363197-06:00,40.31,17.81,33.06
gaspar,2026-02-01T19:24:28.483218-06:00,40.38,17.69,33.12
gaspar,2026-02-01T19:29:31.603188-06:00,40.44,17.56,33.06
gaspar,2026-02-01T19:34:34.723230-06:00,40.56,17.69,33.12
gaspar,2026-02-01T19:39:37.923215-06:00,40.69,17.56,33.12
gaspar,2026-02-01T19:44:41.043235-06:00,40.81,17.62,33.12
gaspar,2026-02-01T19:49:44.243232-06:00,40.81,17.56,33.12
gaspar,2026-02-01T19:54:47.283232-06:00,40.94,17.38,33.19
gaspar,2026-02-01T19:59:50.403219-06:00,41.06,17.50,33.19
gaspar,2026-02-01T20:04:53.603226-06:00,41.12,17.50,33.25
gaspar,2026-02-01T20:09:56.723164-06:00,41.25,17.50,33.25
gaspar,2026-02-01T20:14:59.763189-06:00,41.31,17.50,33.31
gaspar,2026-02-01T20:20:02.883216-06:00,41.44,17.44,33.31
gaspar,2026-02-01T20:25:06.083296-06:00,41.50,17.38,33.38
gaspar,2026-02-01T20:30:09.443215-06:00,41.62,17.31,33.44
gaspar,2026-02-01T20:35:12.483211-06:00,41.69,17.38,33.50
gaspar,2026-02-01T20:40:15.683214-06:00,41.75,17.31,33.50
gaspar,2026-02-01T20:45:18.833241-06:00,41.88,17.31,33.56
gaspar,2026-02-01T20:50:21.843246-06:00,42.00,17.31,33.62
gaspar,2026-02-01T20:55:24.883239-06:00,42.06,17.38,33.69
gaspar,2026-02-01T21:00:28.003201-06:00,42.19,17.31,33.75
gaspar,2026-02-01T21:05:31.043222-06:00,42.25,17.31,33.81
gaspar,2026-02-01T21:10:34.163227-06:00,42.31,17.19,33.94
gaspar,2026-02-01T21:15:37.283242-06:00,42.44,17.12,34.00
gaspar,2026-02-01T21:20:40.403263-06:00,42.56,17.25,34.06
gaspar,2026-02-01T21:25:43.603203-06:00,42.62,17.19,34.19
gaspar,2026-02-01T21:30:46.643214-06:00,42.75,17.19,34.25
gaspar,2026-02-01T21:35:49.683207-06:00,42.81,17.12,34.38
gaspar,2026-02-01T21:40:52.723198-06:00,42.94,17.12,34.50
gaspar,2026-02-01T21:45:55.923207-06:00,43.00,17.19,34.62
gaspar,2026-02-01T21:50:59.043228-06:00,43.06,17.06,34.69
gaspar,2026-02-01T21:56:02.083217-06:00,43.12,17.06,34.81
gaspar,2026-02-01T22:01:05.123269-06:00,43.25,17.12,34.94
gaspar,2026-02-01T22:06:08.163215-06:00,43.31,17.00,35.06
gaspar,2026-02-01T22:11:11.282969-06:00,43.44,16.94,35.25
gaspar,2026-02-01T22:16:14.403212-06:00,43.50,16.94,35.38
gaspar,2026-02-01T22:21:17.523210-06:00,43.56,16.88,35.50
gaspar,2026-02-01T22:26:20.563223-06:00,43.62,16.81,35.62
gaspar,2026-02-01T22:31:23.603210-06:00,43.69,16.69,35.81
gaspar,2026-02-01T22:36:26.723171-06:00,43.81,16.81,35.94
gaspar,2026-02-01T22:41:29.923320-06:00,43.88,16.69,36.12
gaspar,2026-02-01T22:46:33.043254-06:00,43.94,16.62,36.25
gaspar,2026-02-01T22:51:36.083198-06:00,44.00,16.44,36.44
gaspar,2026-02-01T22:56:39.203212-06:00,44.06,16.56,36.62
gaspar,2026-02-01T23:01:42.323205-06:00,44.12,16.44,36.75
gaspar,2026-02-01T23:06:45.443203-06:00,44.25,16.38,36.94
gaspar,2026-02-01T23:11:48.563215-06:00,44.31,16.50,37.12
gaspar,2026-02-01T23:16:51.763163-06:00,44.38,16.44,37.31
gaspar,2026-02-01T23:21:54.803223-06:00,44.44,16.50,37.50
gaspar,2026-02-01T23:26:58.003202-06:00,44.50,16.31,37.69
gaspar,2026-02-01T23:32:01.043276-06:00,44.50,16.44,37.88
gaspar,2026-02-01T23:37:04.083216-06:00,44.56,16.38,38.06
gaspar,2026-02-01T23:42:07.123221-06:00,44.62,16.25,38.25
gaspar,2026-02-01T23:47:10.243228-06:00,44.69,16.31,38.50
gaspar,2026-02-01T23:52:13.443212-06:00,44.75,16.31,38.69
gaspar,2026-02-01T23:57:16.483227-06:00,44.81,16.12,38.94
